job_id,Compressor Name,Time (seconds),Ratio
job_0_0,SZ3-f -1 63866600 -M ABS 0.1,4,6.94
job_1_0,fqzcomp-Q 5,4,9.43
job_5_0,spring-c -l -q ill_bin,4,6.86
job_6_0,SZ3-f -1 63866600 -M REL 0.1,4,6.77
job_8_0,SZ3-f -1 63866600 -M REL 0.2,4,7.35
job_7_0,SZ3-f -2 152 420175 -M ABS 0.1,4,5.96
job_3_0,spring-c -l -q qvz 0.8,219,8.02
job_4_0,spring-c -l -q qvz 1,236,7.02
job_2_0,spring-c -l -q qvz 0.6,251,8.84
