,Job Name,Quality Score PSNR,Quality Score MSE,Probability PSNR,Probability MSE,job_id,Compressor Name,Time (seconds),Ratio,Base Compression Ratio,Quality Score Compression Ratio,Identifier Compression ratio
0,SZ3-f -1 63866600 -M ABS 0.1,26.268442563309378,3.969387128796585,25.700035691848694,0.0010715104991511019,job_0_0,SZ3-f -1 63866600 -M ABS 0.1,4,6.94,4.551280939413387,8.8525,12.734121042902002
1,fqzcomp-Q 5,21.22167673179685,12.688200718372357,26.608032698076983,0.0008693541471083061,job_1_0,fqzcomp-Q 5,4,9.43,4.844278531945421,14.970989380275403,24.736132912417595
2,spring-c -l -q qvz 0.6,16.76377699301415,35.41522572048614,14.589015878126615,0.013838799340078055,job_2_0,spring-c -l -q qvz 0.6,251,8.84,4.3373233127477775,16.966142415860773,24.796750426128558
3,spring-c -l -q qvz 0.8,19.253553184912633,19.962383515014107,14.904863637287662,0.012868076564505828,job_3_0,spring-c -l -q qvz 0.8,219,8.02,4.3373233127477775,11.05367348683648,24.796750426128558
4,spring-c -l -q qvz 1,25.43627903538019,4.807727121844595,23.797669752434945,0.001660477613214613,job_4_0,spring-c -l -q qvz 1,236,7.02,4.3373233127477775,7.219694321742169,24.796750426128558
5,spring-c -l -q ill_bin,27.971964900701394,2.6814593856569786,18.213187671026525,0.006007326448446212,job_5_0,spring-c -l -q ill_bin,4,6.86,4.3373233127477775,6.787587883590337,24.796750426128558
6,SZ3-f -1 63866600 -M REL 0.1,26.160574238254345,4.069211747611428,40.39999859453875,3.63078172269227e-05,job_6_0,SZ3-f -1 63866600 -M REL 0.1,4,6.77,4.551280939413387,8.14,12.734121042902002
7,SZ3-f -2 152 420175 -M ABS 0.1,25.452254213471704,4.790074765213743,22.331199554800463,0.0023274483097305973,job_7_0,SZ3-f -2 152 420175 -M ABS 0.1,4,5.96,4.551280939413387,5.6475,12.734121042902002
8,SZ3-f -1 63866600 -M REL 0.2,23.99506006566483,6.6997979695177134,23.07246837892691,0.0019622446881383047,job_8_0,SZ3-f -1 63866600 -M REL 0.2,4,7.35,4.551280939413387,10.94,12.734121042902002
